{"/root/Game/Player":{"max_health":6,"pos":{"x":446.137207,"y":228.63002}},"/root/Game/Player2":{"max_health":6,"pos":{"x":777.542236,"y":296.366791}}}
